ID_NLS;RIC;INDIR_ORIG;DENOM_IMPRES;INSEGNA;INIZIO_ATT;geo_y;geo_x;location
6448;Storica Attività;VIA SPARTACO,31;Vismoto snc;Vismoto;1919;9.211972391208414;45.458137626997164;(45.458137626997164, 9.211972391208414)
6238;Storica Attività;VIA DELLA MOSCOVA,60;ditta individuale;Gallia e Peter;1932;9.183258099305416;45.478175014547034;(45.478175014547034, 9.183258099305416)
7576;Storica Attività;VIA PONTE SEVESO,17;BEGA ANTONIO;Pescheria Moderna;1958;9.203782873174278;45.48855712628637;(45.48855712628637, 9.203782873174278)
6447;Storica Attività;VIA MANZONI,23;Giuseppe Villa srl;Villa Gioielleria;1876;9.192274712615705;45.469680543765094;(45.469680543765094, 9.192274712615705)
7213;Storica Attività;VIA PAOLO SARPI,60;Bardelli Carlo S.n.c. di Bardelli Carla# Luisa e Anna;Bardelli - Confezioni;1945;9.170913781097603;45.480991264784215;(45.480991264784215, 9.170913781097603)
6303;Storica Attività;LARGO SCHUSTER,1;Agenzia Ecclesiastica Arcivescovile Tricella snc;Agenzia Ecclesiastica Arcivescovile Tricella;1888;9.192208889983668;45.462659537343754;(45.462659537343754, 9.192208889983668)
6310;Storica Attività;LARGO FRANCESCO RICHINI,1;ASPESI 1910 S.R.L.;Aspesi - Ottica;1910;9.19342666458292;45.46039528280702;(45.46039528280702, 9.19342666458292)
6960;Storica Attività;VIA SAVONA,23;Fratelli Mai snc;Salumeria Rosticceria Fratelli Mai;1943;9.16724311213923;45.45504025448537;(45.45504025448537, 9.16724311213923)
6900;Storica Attività;VIA SCHIAPPARELLI,4;G.I.L.S. di Serena Massaini & C. Sas;GIOIELLERIA MASSAINI DAL 1956;1957;9.205209319820305;45.48965411757409;(45.48965411757409, 9.205209319820305)
6968;Storica Attività;VIALE SAURO NAZARIO,9;ditta individuale;Panificio Potenza;1938;9.19540130795398;45.49177538935302;(45.49177538935302, 9.19540130795398)
6369;Storica Attività;C.SO VITTORIO EMANUELE,37/B;Gusella S.p.a.;Gusella - Calzature;1932;9.19676337339321;45.46591488625506;(45.46591488625506, 9.19676337339321)
6418;Storica Attività;VIA GIAMBELLINO,150;Ragusa snc;Merceria Ragusa;1950;9.130596691347032;45.444992385316624;(45.444992385316624, 9.130596691347032)
7578;Storica Attività;VIA ANTONIO MARIA CERIANI,0026;BERNASCONI BRUNO;Ferramenta al Murunasc;1921;9.08883962141066;45.46206251243345;(45.46206251243345, 9.08883962141066)
6263;Locale storico;VIA MORIGI,8;Moriggi 8 srl;Taverna Moriggi;1900;9.180790464964229;45.46399451493035;(45.46399451493035, 9.180790464964229)
6315;Storica Attività;C.SO MATTEOTTI,20;Bolzani Cornici e Stampe srl;Bolzani Cornici e Stampe;1922;9.19658492867602;45.46676236747194;(45.46676236747194, 9.19658492867602)
6905;Storica Attività;VIALE CERTOSA,21;FRATELLI GALBIATI S.R.L.;Galbiati Arreda;1951;9.152672345743074;45.48937449849004;(45.48937449849004, 9.152672345743074)
6787;Storica Attività;VIA MADDALENA,2;PELLICCERIA PIETRO MARCHETTI SNC DI LUIGI MARCHETTI;Pellicceria Marchetti;1923;9.188848905684392;45.459919110355166;(45.459919110355166, 9.188848905684392)
6759;Storica Attività;V.LE S. MICHELE DEL CARSO,6;Calzature Pilon sas;Calzature Pilon;1934;9.164368111306684;45.46499209430315;(45.46499209430315, 9.164368111306684)
6428;Storica Attività;VIA C. CORRENTI,19;ditta individuale;Schiavio e Bolzani;1920;9.178921951439872;45.45923487861156;(45.45923487861156, 9.178921951439872)
6253;Storica Attività;VIA LAGHETTO,11;Cantina Piemontese S.r.l.;Cantina Piemontese;1908;9.195501035832635;45.46135220620342;(45.46135220620342, 9.195501035832635)
7722;Storica Attività;VIA SAN SISTO,5;ARIENTI COMPLEMENTI D'ARREDO SNC DI ARIENTI MARIALUISA E ARIENTI SILVIO;Arienti Complementi d'Arredo;1931;9.18152070756696;45.461104162058525;(45.461104162058525, 9.18152070756696)
7223;Storica Attività;VIA PAOLO LOMAZZO,6;BERNI S.R.L.;BERNI PANE PASTICCERIA BAR;1956;9.173046424818976;45.4811988972484;(45.4811988972484, 9.173046424818976)
6405;Storica Attività;VIALE UMBRIA,66;Panificio Denicolo' Ezio di Denicolo' Ezio e C. snc;Panificio;1952;9.216527894616807;45.45502139830748;(45.45502139830748, 9.216527894616807)
6242;Storica Attività;VIA DELLE ERBE,2;ditta individuale;Guerrini - Strumenti musicali;1953;9.184005576741528;45.47098297994939;(45.47098297994939, 9.184005576741528)
6746;Locale storico;VIA UGO FOSCOLO,3;Biffi Duomo s.r.l.;Biffi;1867;9.190124006201017;45.46514483560424;(45.46514483560424, 9.190124006201017)
6239;Negozio storico;CORSO BUENOS AIRES,40/3;F.lli Cortelazzi di Cortelazzi Marco e Gianpaolo S.n.c.;Gioielleria f.lli Cortelazzi;1953;9.210163053665267;45.47925145208223;(45.47925145208223, 9.210163053665267)
6343;Storica Attività;VIA SAN SISTO,9;F.lli Meazza Srl;Fratelli Meazza - Ferramenta;1928;9.181448461060315;45.4613542941112;(45.4613542941112, 9.181448461060315)
6245;Storica Attività;VIA DEI PIATTI,0005;BORGHI LORENZO;Lorenzo Borghi fabbrica artigianale cappelli per signora;1953;9.185288671327609;45.46070800924064;(45.46070800924064, 9.185288671327609)
6231;Negozio storico;CORSO VENEZIA,6;Ditta Raimondi di Pettinaroli S.p.a.;Ditta Raimondi di Pettinaroli Casa fondata nel 1766;1922;9.198172290851913;45.467227704419955;(45.467227704419955, 9.198172290851913)
7198;Storica Attività;VIA MONTEGANI,10;Pagliarini Giancarlo;Fotottica Pagliarini;1957;9.178125082193178;45.43617844827217;(45.43617844827217, 9.178125082193178)
7207;Storica Attività;VIA SAN MAURILIO,8;Forniture orologerie San Maurilio s.r.l.;Forniture per Orologerie San Maurilio;1932;9.184320241188205;45.46198791710336;(45.46198791710336, 9.184320241188205)
6373;Storica Attività;VIA MANZONI,41;Illulian Snc di Shahnaz Illulian e C.;Illulian - Tappeti;1906;9.193889013433694;45.47134770556839;(45.47134770556839, 9.193889013433694)
7301;Storica Attività;VIALE BRENTA,7;OTTICA BUSETTI S.A.S. DI BUSETTI LAURA;Ottico optometrista Busetti;1959;9.215452408325115;45.44122189033571;(45.44122189033571, 9.215452408325115)
6218;Insegna storica e di tradizione;GALLERIA VITTORIO EMANUELE II,33;Bernasconi Argenteria S.r.l.;Bernasconi Argenteria dal 1872;1872;9.189822133421135;45.465434887975;(45.465434887975, 9.189822133421135)
6308;Storica Attività;VIA V.COLONNA,54;Argenterie Italiane;Argenterie Italiane;1919;9.148046296115274;45.46694624989354;(45.46694624989354, 9.148046296115274)
6240;Locale storico;VIA V. HUGO,2;GIovanni Galli sas;Giovanni Galli - Pasticceria;1911;9.187218866059132;45.463907091450125;(45.463907091450125, 9.187218866059132)
6394;Storica Attività;GALL. DEL CORSO,2;Mondadori retail spa;Mondadori - Messaggerie Musicali;1936;9.194996022771;45.46508108521132;(45.46508108521132, 9.194996022771)
7429;Storica Attività;VIA ENRICO STENDHAL,0039;BRUNELLI RENATO;BRUNELLI LATTERIA;1946;9.15890489228809;45.45400349964515;(45.45400349964515, 9.15890489228809)
6404;Storica Attività;CORSO DI PORTA VIGENTINA,30;DI RENZO ALBERTO;Panificio Cimnaghi di Alberto Di Renzo;1952;9.196032142934872;45.45390731868347;(45.45390731868347, 9.196032142934872)
7215;Storica Attività;C.SO  G. MATTEOTTI,8;Finart di Elena Ferrofino;Finart;1957;9.195108809378803;45.46695406730987;(45.46695406730987, 9.195108809378803)
6441;Storica Attività;VIA CORDUSIO,2;E. URGNANI DI URGNANI RUSTICI MARIA LUISA E C. S.A.S.;Uffici Cambio E. Urgnani S.a.s.;1933;9.18573512059335;45.464903074324575;(45.464903074324575, 9.18573512059335)
6758;Storica Attività;VIA P. SARPI,62;LORENZI S.A.S. DI LAURA RUSSO;B.Lorenzi di Ilde e Lucia;1908;9.170539845131888;45.48096052661428;(45.48096052661428, 9.170539845131888)
7592;Storica Attività;VIA GIOVANNI BATTISTA PERGOLESI,3;LA BOTTEGA DEL GELATO DI MARCO CARDELLI;La Bottega del Gelato da Cardelli;1964;9.213366695195212;45.48350969837558;(45.48350969837558, 9.213366695195212)
6318;Negozio storico;GALLERIA VITTORIO EMANUELE,5;Cade' S.r.l.;Cade';1926;9.189879075640235;45.4649450115019;(45.4649450115019, 9.189879075640235)
6760;Storica Attività;VIALE LANCETTI,34;De Giovanni Argenteria srl;De Giovanni Argenteria;1956;9.175021777762348;45.49522889533751;(45.49522889533751, 9.175021777762348)
7581;Storica Attività;VIALE SABOTINO,2;BOATI CLAUDIO SAS DI BOATI CHIARA E GIULIA;Cartoleria Boati Claudio;1942;9.196852510937658;45.450929621180755;(45.450929621180755, 9.196852510937658)
6423;Storica Attività;P.ZZA MORSELLI,3;ditta individuale;Rivola Rasoi Elettrici;1926;9.174792547551766;45.47871340149881;(45.47871340149881, 9.174792547551766)
6367;Storica Attività;VIA LAZZARO SPALLANZANI,18;Grancini Roberto Vini S.a.s.;Grancini vini e liquori;1938;9.207585838609454;45.47601609382586;(45.47601609382586, 9.207585838609454)
7193;Storica Attività;VIA DEI TULIPANI,18;Pasticceria Castelnuovo di Francesco Castelnuovo e C. s.n.c.;Fabbrica Pasticceria Castelnuovo;1956;9.137340245351828;45.45011467603983;(45.45011467603983, 9.137340245351828)
7735;Negozio storico;CORSO VITTORIO EMANUELE II,0015;NANO BLEU SRL;Nano Bleu;1949;9.196229496160155;45.4656779031733;(45.4656779031733, 9.196229496160155)
7001;Locale storico;VIA MANZONI,12/a;S.E.M. srl;Ristorante Don Lisander;1947;9.19163122057721;45.4688879546242;(45.4688879546242, 9.19163122057721)
6251;Negozio storico;VIA MONTENAPOLEONE,15;Melegari e Costa Montenapoleone S.a.s.;Melegari e Costa Montenapoleone;1945;9.194783308611775;45.46852071243491;(45.46852071243491, 9.194783308611775)
7233;Storica Attività;CORSO GARIBALDI,89;Fumagalli Adolfo;Moda Torinese - Fumagalli;1933;9.183509699889258;45.4750122000132;(45.4750122000132, 9.183509699889258)
6772;Storica Attività;VIA GALLARATE,92;La Pobbia snc;Ristorante La Pobbia;1850;9.134648385962482;45.49608744017072;(45.49608744017072, 9.134648385962482)
6225;Storica Attività;VIA LIPARI,2;ditta individuale;Walter Bulloni - Enoteca;1933;9.162557032014224;45.46158056900326;(45.46158056900326, 9.162557032014224)
6381;Storica Attività;VIA CARLO FORLANINI,19;ditta individuale;Lucchino - Boutique;1948;9.232226910942439;45.47187343513462;(45.47187343513462, 9.232226910942439)
6235;Storica Attività;CORSO PORTA TICINESE,98;ditta individuale;Farmacia S. Eustorgio;1811;9.180326034340546;45.45388836717972;(45.45388836717972, 9.180326034340546)
6436;Storica Attività;VIA MERCATO,5;ditta individuale;Torriani;1943;9.18383532327756;45.47168269990556;(45.47168269990556, 9.18383532327756)
6975;Storica Attività;VIA DURINI,27;ditta individuale;Guidotti Sport;1959;9.198111692445003;45.46552918602906;(45.46552918602906, 9.198111692445003)
7488;Storica Attività;PIAZZA DEL CARMINE,0001;DEMALDE' DI ROSSETTI LOREDANA;Demalde';1943;9.185257603011465;45.470123998620856;(45.470123998620856, 9.185257603011465)
6764;Storica Attività;VIA P. DA CANNOBIO,9;Frutteto Viel sas;Frutteto Viel;1955;9.190923434977346;45.46172030301945;(45.46172030301945, 9.190923434977346)
6965;Storica Attività;VIA SARPI,63;Ottica Scaccabarozzi snc;Ottica Scaccabarozzi;1927;9.170877396722233;45.48094237087521;(45.48094237087521, 9.170877396722233)
7369;Storica Attività;VIA FALCONE,0007;DITTA LISCHETTI DI RENATO LISCHETTI & C. S.A.S.;Laboratorio Gioielleria Lischetti;1958;9.187246459728328;45.462331270063885;(45.462331270063885, 9.187246459728328)
7537;Storica Attività;CORSO LODI,0012;CORSI CARLO;CORSI CARLO;1949;9.205562717381632;45.45008597753156;(45.45008597753156, 9.205562717381632)
6967;Storica Attività;VIA SARPI,62;Rossi 2003 srl;Orologeria Rossi;1936;9.170684907066606;45.481028511787244;(45.481028511787244, 9.170684907066606)
6350;Storica Attività;VIA ALBERTO DA GIUSSANO,1;Fiorista C. Palma S.a.s.;Fiorista Carlo Palma;1948;9.164847805497377;45.467239999278235;(45.467239999278235, 9.164847805497377)
7038;Storica Attività;PIAZZA VENTICINQUE APRILE,12;Ottica Artioli s.r.l.;Ottica Artioli;1953;9.18738576472991;45.48099607107574;(45.48099607107574, 9.18738576472991)
6973;Storica Attività;PIAZZA DUOMO,19;Verga srl;Gioielli Orologi e Argenti Verga;1880;9.188723157603274;45.464721915322755;(45.464721915322755, 9.188723157603274)
6342;Storica Attività;VIA MAZZINI,2;F.lli Freni srl Pasticceria Siciliana;Fratelli Freni - Pasticceria Siciliana;1914;9.188041119782454;45.463376416606316;(45.463376416606316, 9.188041119782454)
6254;Negozio storico;C.SO DI PORTA ROMANA,74;Ottica Chierichetti S.r.l.;Ottica Arnaldo Chierichetti;1914;9.194586174391869;45.45666284628005;(45.45666284628005, 9.194586174391869)
7443;Storica Attività;VIA LAZZARO PAPI,12;SEGANTI ARREDA S.A.S. DI SEGANTI GIANCARLO;SEGANTI ARREDA;1964;9.20722381684501;45.45068313213725;(45.45068313213725, 9.20722381684501)
6387;Storica Attività;PIAZZA DUOMO,21;Maior Stile sas;Maior Stile e Jolanda Pica - Missoni Sport;1925;9.189488847745894;45.46471909950224;(45.46471909950224, 9.189488847745894)
7209;Storica Attività;FORO BUONAPARTE,53;Forobonaparte s.r.l.;Buffetti;1852;9.178477065366398;45.46778205535225;(45.46778205535225, 9.178477065366398)
6313;Storica Attività;LARGO SETTIMIO SEVERO,1;ditta individuale;Panificio Bollani;1930;9.162411360408921;45.46597931745026;(45.46597931745026, 9.162411360408921)
6208;Locale storico;VIA BAGUTTA,14;Trattoria Bagutta f.lli Pepori srl;Trattoria Bagutta;1924;9.196454298128499;45.46776129205269;(45.46776129205269, 9.196454298128499)
6765;Storica Attività;P.ZA LIMA,3;Gioielleria del Corso srl;Gioielleria del Corso;1958;9.210985915535945;45.480578759666834;(45.480578759666834, 9.210985915535945)
6769;Storica Attività;ALZAIA NAVIGLIO GRANDE,58;Martin Luciano e Figli snc;Martin Luciano e Figli - Abbigliamento;1938;9.170363065239199;45.45092786936141;(45.45092786936141, 9.170363065239199)
6346;Storica Attività;C.SO VITTORIO EMANUELE II,37/B;ditta individuale;Fantasie di Moda;1954;9.196904907056801;45.46595986434823;(45.46595986434823, 9.196904907056801)
6207;Insegna storica e di tradizione;VIA UGO FOSCOLO,5;Ristorante Savini S.r.l.;Savini;1867;9.190631383459381;45.465654195500626;(45.465654195500626, 9.190631383459381)
7362;Storica Attività;VIA FRANCESCO CHERUBINI,3;BUZZO GIOIELLI DI BUZZO CINZIA MARIA;Buzzo Gioielli;1961;9.159262498718823;45.466944250069034;(45.466944250069034, 9.159262498718823)
7436;Storica Attività;VIA RODOLFO CARABELLI,0001;PANETTERIA ANFOSSI SNC DI GIORGIO ANFOSSI E C.;PASTICCERIA ANFOSSI;1961;9.2210028369259;45.45023466979072;(45.45023466979072, 9.2210028369259)
6413;Storica Attività;VIA BARTOLOMEO EUSTACHI,0008;PINUCCIA S.A.S. DI CORCELLA ANTONIETTA & C.;Pinuccia parrucchiere per signora;1954;9.214787204882807;45.47430005441343;(45.47430005441343, 9.214787204882807)
7206;Storica Attività;VIA BELFIORE,14;Mambriani Casalinghi di Vertemati Alfredo;Mambriani Casalinghi;1920;9.157679472577646;45.46756316263496;(45.46756316263496, 9.157679472577646)
6757;Storica Attività;VIA PORPORA,5;G. Preattoni & C. sas;Preattoni Arrotino;1911;9.218722572814652;45.48610105711434;(45.48610105711434, 9.218722572814652)
6402;Storica Attività;VIA PALLADIO,2;Antico Forno srl;Panificio Lorenzo Belverato;1925;9.198141956113556;45.448459456316506;(45.448459456316506, 9.198141956113556)
6401;Storica Attività;VIA TOLSTOI,45;ditta individuale;Pane Da Tre Generazioni;1950;9.149996976208802;45.45252056043403;(45.45252056043403, 9.149996976208802)
6305;Storica Attività;VIA DANTE,15;ditta individuale;Antica Osteria Milanese;1950;9.18295011950613;45.46703716940453;(45.46703716940453, 9.18295011950613)
6255;Negozio storico;VIA BORGONUOVO,3;Il Polifilo Libri Rari sas;Il Polifilo Libri Rari;1941;9.191699661580149;45.47048059036511;(45.47048059036511, 9.191699661580149)
6375;Locale storico;VIA FATEBENEFRATELLI,30;La Tavernetta S.a.s. di Niccoli Elio & C.;La Tavernetta da Elio;1957;9.193500786443344;45.472572794506696;(45.472572794506696, 9.193500786443344)
6202;Negozio storico;VIA VALPETROSA,1;Fratelli Chiaravalli S.r.l.;Gioielleria Chiaravalli;1915;9.1853489508355;45.462545550838456;(45.462545550838456, 9.1853489508355)
7219;Storica Attività;VIA PISACANE,40;Trattoria Bianucci S.A.S. di Bianucci fausto Fabrizio & C.;Mangiafuoco Bracerie;1951;9.211112800784415;45.47318650077746;(45.47318650077746, 9.211112800784415)
6365;Storica Attività;VIA CICERI VISCONTI,2;Gioielleria Mario Sessa snc;Gioielleria Mario Sessa di Fabrizio Sessa e Daniela Ciaravolo;1955;9.220208385350421;45.45515873265027;(45.45515873265027, 9.220208385350421)
6353;Storica Attività;VIA DELLA SPIGA,9;FMS trading srl;Scavia Gioielleria;1923;9.197740818870525;45.469360419223804;(45.469360419223804, 9.197740818870525)
7244;Locale storico;VIA SAN MAURILIO,7;San Maurilio S.a.S. di Giacomo Bertacchi & C.;Ronchi78;1934;9.184759112147406;45.461728063632826;(45.461728063632826, 9.184759112147406)
6257;Negozio storico;FORO BONAPARTE,48;Pecorini Rappresentanze Editoriali S.r.l.;Pecorini Libreria;1955;9.181923800635474;45.47184581926032;(45.47184581926032, 9.181923800635474)
7589;Storica Attività;VIA SANTA CROCE,1;BRIGO NICOLETTA;Macelleria Brigo;1964;9.183669858331005;45.456175079929245;(45.456175079929245, 9.183669858331005)
6258;Storica Attività;VIA HOEPLI,3;Ravizza Sport S.r.l.;Ravizza Sport;1871;9.192142014746652;45.4662058767507;(45.4662058767507, 9.192142014746652)
6378;Storica Attività;VIA TURATI,26;Libreria Degli Uffici di Turri & C. S.a.s.;Libreria Degli Uffici Turri;1936;9.19496757746801;45.476069012901355;(45.476069012901355, 9.19496757746801)
6855;Storica Attività;PIAZZALE MEDAGLIE D'ORO,3;La Tramite S.r.l.;Libreria La Tramite;1946;9.202119828325852;45.452082262885;(45.452082262885, 9.202119828325852)
6215;Negozio storico;PIAZZA RISORGIMENTO,3;Antica Cartoleria Novecento di Alberta Capponi;Antica Cartoleria Novecento;1899;9.210208844296208;45.46810089723674;(45.46810089723674, 9.210208844296208)
6372;Storica Attività;VIA VALLAZZE,34;Pangroup sas;Il Punto Pane ...e non solo quello;1944;9.223390979095853;45.48402359213832;(45.48402359213832, 9.223390979095853)
7467;Storica Attività;PIAZZA MENTANA,7;MEREGHETTI ALBERTO;FERRAMENTA MEREGHETTI;1930;9.18158962882575;45.46194211798338;(45.46194211798338, 9.18158962882575)
7200;Storica Attività;VIA MONTENAPOLEONE,8;Red and Blue S.R.L.;Red and Blue;1948;9.194889099945405;45.46851660000046;(45.46851660000046, 9.194889099945405)
6348;Storica Attività;VIA PAVIA,1;ditta individuale;Farmacia San Gottardo Dott.ssa Bianchini Clara Maria;1886;9.179378994583436;45.4471648528569;(45.4471648528569, 9.179378994583436)
6442;Storica Attività;VIA ANNIBALE CARETTA,2;Valigeria Canevari snc;Valigeria Canevari;1930;9.215819879405059;45.48500217195767;(45.48500217195767, 9.215819879405059)
6332;Storica Attività;LARGO SETTIMIO SEVERO,1;DE MOLFETTA MASSIMO ALBERTO;De Molfetta;1938;9.162292596184216;45.46612975211472;(45.46612975211472, 9.162292596184216)
6354;Storica Attività;P.ZZA CINQUE GIORNATE,6;ditta individuale;Frigerio Gomme;1923;9.207012056804013;45.46135645324011;(45.46135645324011, 9.207012056804013)
6237;Locale storico;CORSO DI PORTA ROMANA,2;Galli Giovanni S.n.c.;Giovanni Galli - Pasticceria;1911;9.188946062222321;45.46002600095591;(45.46002600095591, 9.188946062222321)
6371;Storica Attività;VIA DELLA SPIGA,52;G. Preattoni di Lorenzo Preattoni & C. S.a.s.;G. Preattoni;1946;9.194971862937793;45.471813203763034;(45.471813203763034, 9.194971862937793)
7235;Storica Attività;VIA GIUSEPPE GIUSTI,14;Trattoria La Veneta di Pauletto Giovanni;La Veneta;1938;9.177230445711057;45.480255811786975;(45.480255811786975, 9.177230445711057)
6438;Storica Attività;VIA PADOVA,344;Novelli Giuseppe e Carla snc;Trattoria Novelli;1927;9.254360378221996;45.51111797149605;(45.51111797149605, 9.254360378221996)
6201;Negozio storico;PIAZZA SAN FEDELE,2;F. Pettinaroli di Giorgio e Francesco Pettinaroli & C. S.a.s.;F. Pettinaroli;1881;9.19108808160497;45.46615794013578;(45.46615794013578, 9.19108808160497)
6412;Negozio storico;VIA HUGO VICTOR,3;Pescheria Spadari srl;Premiata Pescheria Spadari;1933;9.187246806092785;45.46347919190598;(45.46347919190598, 9.187246806092785)
7189;Storica Attività;VIA DOGANA,2;Laluna s.n.c. di Bruno Roberto Benedetto & C.;Laluna - Abbigliamento;1951;9.18959019936325;45.463273600705236;(45.463273600705236, 9.18959019936325)
7042;Storica Attività;VIA TORTONA,19;Osteria Il Giardinetto S.n.c. di Roffi Antonino & C.;Osteria Il Giardinetto;1949;9.167065134835982;45.453013730703496;(45.453013730703496, 9.167065134835982)
6324;Storica Attività;VIA VINCENZO MONTI,9;Cavalleri Gioielli S.a.s. di Giampiero Podda & C.;Cavalleri Gioielli;1834;9.174287100585369;45.46686400416108;(45.46686400416108, 9.174287100585369)
6362;Storica Attività;GALLERIA SAN BABILA,4/B;gi.rosa srl;Gin Rosa;1931;9.198338552879411;45.46626125521779;(45.46626125521779, 9.198338552879411)
6217;Locale storico;VIA VITTORINI,4;Bagutto S.r.l.;Antica Trattoria Bagutto;1284;9.260875505699289;45.44429986237544;(45.44429986237544, 9.260875505699289)
7228;Storica Attività;CORSO VENEZIA,0031;AL GIRARROSTO DI MILANO S.R.L.;RISTORANTE AL GIRARROSTO DA CESARINA;1949;9.199971030619109;45.46956942373612;(45.46956942373612, 9.199971030619109)
6439;Storica Attività;VIA FIORI CHIARI,21/5;Trattoria Torre Di Pisa S.r.l.;Trattoria Torre Di Pisa;1951;9.185517647119243;45.47192617133698;(45.47192617133698, 9.185517647119243)
6406;Storica Attività;VIA CANONICA,67;ditta individuale;Panificio Moderno;1946;9.172026253034895;45.47988589871722;(45.47988589871722, 9.172026253034895)
6236;Storica Attività;VIALE BLIGNY,66;Prato Tranquillo snc;Ferramenta Casalinghi Prato Tranquillo;1927;9.196264138678417;45.450813284809314;(45.450813284809314, 9.196264138678417)
6391;Storica Attività;CORSO DI PORTA ROMANA,40;Orologeria Giovanzana S.n.c.;Orologeria Giovanzana;1948;9.191389722627674;45.45865515436854;(45.45865515436854, 9.191389722627674)
6422;Storica Attività;VIA PLINIO,22;ditta individuale;Frascolla Riparazioni Elettrodomestici;1913;9.214227510597572;45.47820337550935;(45.47820337550935, 9.214227510597572)
6206;Negozio storico;VIA F. SFORZA,1;Martino Danilo;Pintica Arte Orafa F.lli Martino;1923;9.19879454856169;45.46318864364696;(45.46318864364696, 9.19879454856169)
7365;Storica Attività;VIA ROMBON,0033;BRUNETTI FRATELLI DI BRUNETTI PAOLO E C. - S.A.S.;GIOIELLERIA BRUNETTI;1925;9.241435899853021;45.486376343437456;(45.486376343437456, 9.241435899853021)
6327;Storica Attività;P.LE SUSA,13;Cinefoto Susa S.a.s.;Cinefoto Susa;1935;9.224486342095588;45.46874480509023;(45.46874480509023, 9.224486342095588)
6399;Storica Attività;VIA QUINTOSOLE,35;Sogesqui srl;Osteria Di Quintosole;1903;9.204466968390124;45.401965649659196;(45.401965649659196, 9.204466968390124)
6331;Storica Attività;VIA ALGAROTTI,20;Ristorante Da Berti srl;Ristorante Da Berti;1843;9.196723520559608;45.488534010339116;(45.488534010339116, 9.196723520559608)
6970;Storica Attività;VIA CANONICA,87;ditta individuale;Maglieria Pisati;1928;9.1694698566904;45.48110163713663;(45.48110163713663, 9.1694698566904)
6264;Locale storico;V.LE UMBRIA,80;Trattoria Masuelli S. Marco srl;Trattoria Masuelli S. Marco;1921;9.21717855033517;45.45633117983534;(45.45633117983534, 9.21717855033517)
7543;Storica Attività;VIA VINCENZO MONTI,0034;PICCOLO IVANO;PICCOLO OROLOGERIA OREFICERIA DAL...1918;1918;9.171583789694006;45.469065529618085;(45.469065529618085, 9.171583789694006)
6756;Storica Attività;VIA VITRUVIO,9;Provini sas;Provini Longhi - Abbigliamento;1923;9.209033807858734;45.48102050742949;(45.48102050742949, 9.209033807858734)
7540;Storica Attività;VIA LUPETTA,5;OREFICERIA LUPETTA S.R.L.;OREFICERIA LUPETTA;1934;9.18655711585501;45.46174126241124;(45.46174126241124, 9.18655711585501)
6227;Negozio storico;GALLERIA VITTORIO EMANUELE,92;Centenari S.n.c. di Comini Gianni & Comini Sandra e Bibiloni Marcelo Andres;Centenari;1860;9.190138862538927;45.46628024807107;(45.46628024807107, 9.190138862538927)
6341;Storica Attività;VIA PASSARELLA,4;F.lli Freni srl Pasticceria Siciliana;Fratelli Freni - Pasticceria Siciliana;1914;9.194323118674916;45.46470010432898;(45.46470010432898, 9.194323118674916)
7280;Storica Attività;VIA FABIO FILZI,41;Parolini Mariangela;Cartoleria Parolini;1949;9.202636041310491;45.48748126908049;(45.48748126908049, 9.202636041310491)
7144;Storica Attività;VIA BORGOSPESSO# RECAPITO POSTALE VIA ROSSARI 5,22;SCHREIBER GIOIELLI DI SCHREIBER FRANCO E C. SAS;SCHREIBER GIOIELLI;1947;9.195258599910234;45.471020402965515;(45.471020402965515, 9.195258599910234)
7412;Storica Attività;VIA PADOVA,157;LANFRANCHI ANGELO CARLO;ANGELO LANFRANCHI DAL 1961;1961;9.235468447423942;45.5003027470931;(45.5003027470931, 9.235468447423942)
6223;Locale storico;P.ZZA DUCA D'AOSTA,10;Caffe' Panzera S.a.s.;Caffe' Panzera;1931;9.204442011166512;45.483762840613586;(45.483762840613586, 9.204442011166512)
6340;Storica Attività;VIA BERGAMINI,5;ditta individuale;Beretta - Casalinghi;1800;9.194085235381053;45.46181224145247;(45.46181224145247, 9.194085235381053)
6335;Storica Attività;P.ZZA VELASCA,8;ditta individuale;D'Isabella Ottolenghi;1929;9.190829298740214;45.459685919403945;(45.459685919403945, 9.190829298740214)
6334;Storica Attività;VIA SAN DAMIANO,4;DELLERA SRL;Dellera;1937;9.200234109571886;45.467577126382295;(45.467577126382295, 9.200234109571886)
6321;Storica Attività;VIA PAOLO SARPI,19;Cappelleria Melegari sas;Cappelleria Melegari;1914;9.176794493233372;45.4813666912531;(45.4813666912531, 9.176794493233372)
7234;Storica Attività;VIA GIOVANNI BATTISTA NICCOLINI,2;Sala del Cane di Paro Viviana;Sala del Cane;1958;9.17761801635684;45.479332347014655;(45.479332347014655, 9.17761801635684)
6383;Storica Attività;VIA SANTA RAEDEGONDA,16;Luini S.r.l.;Panzerotti Luini;1888;9.191578304720574;45.465721749430294;(45.465721749430294, 9.191578304720574)
6410;Storica Attività;C.SO P.TA VIGENTINA,38;fFatelli Sanvito di Sanvito Renato e c. snc;Fratelli Sanvito - Pellami, cuoio;1938;9.196137207633429;45.45324344311517;(45.45324344311517, 9.196137207633429)
6220;Negozio storico;VIA BURIGOZZO,3;Romeo Miracoli & Figlio S.r.l.;Miracoli Romeo & Figlio - Gioielleria;1912;9.186235989977268;45.45332818502197;(45.45332818502197, 9.186235989977268)
6339;Storica Attività;VIA P. SARPI,63;Novetti Francesco;Erboristeria Novetti;1952;9.170658373791994;45.480928251434015;(45.480928251434015, 9.170658373791994)
6352;Storica Attività;VIA M. NOVARO,1;ditta individuale;Fiorista Gallo;1928;9.169695841224137;45.519306596325976;(45.519306596325976, 9.169695841224137)
6214;Storica Attività;VIA G.MORONE,3;Antica Barbieria Colla;Antica Barbieria Colla;1904;9.191229488662442;45.46829283036099;(45.46829283036099, 9.191229488662442)
6962;Storica Attività;VIA PONTE SEVESO,19;Foto / Ottica snc di Valsecchi Giancarlo & C.;Ottica Valsecchi;1928;9.20403693355268;45.488957449163074;(45.488957449163074, 9.20403693355268)
7195;Storica Attività;GALLERIA VITTORIO EMANUELE II,79;Librerie Rizzoli s.r.l.;Libreria Rizzoli Galleria;1949;9.190014899938832;45.46560459997271;(45.46560459997271, 9.190014899938832)
6392;Storica Attività;LARGO AUGUSTO,SNC;MAGNI MAURIZIO;Edicola Maurizio Magni;1914;9.19723455390318;45.4633508760882;(45.4633508760882, 9.19723455390318)
6432;Storica Attività;VIA BAGUTTA,9;ditta individuale;Old America - Antiquari;1954;9.196444495072917;45.467712243438854;(45.467712243438854, 9.196444495072917)
6247;Negozio storico;LARGO SCHUSTER,1;libreria malavasi s.a.s. di malavasi maurizio & c.;Libreria Malavasi;1940;9.192417852197831;45.46267960024604;(45.46267960024604, 9.192417852197831)
6250;Negozio storico;VIA DE AMICIS,43;Manifattura Fraizzoli & C. srl;Manifattura Fraizzoli;1923;9.175877119437196;45.45969743542014;(45.45969743542014, 9.175877119437196)
6389;Storica Attività;VIA MERAVIGLI,14;ditta individuale;Specialità Dolciarie di Battimelli;1940;9.182431384397969;45.46578496145676;(45.46578496145676, 9.182431384397969)
7231;Locale storico;VIA AMEDEI,1;ACP S.R.L.;Alla Collina Pistoiese;1938;9.186350629953914;45.46070844198267;(45.46070844198267, 9.186350629953914)
6773;Storica Attività;VIA FARUFFINI,3;Pane da Sogno srl;Panificio, Pasticceria Seraphini;1958;9.149551766556442;45.466981967766074;(45.466981967766074, 9.149551766556442)
7346;Storica Attività;VIALE AFFORI,19;ARREDAMENTI ALLA VILLA LITTA DI GATTI GIUSEPPE;"ARREDAMENTI ""ALLA VILLA LITTA""";1964;9.169165204947545;45.516915720045866;(45.516915720045866, 9.169165204947545)
6360;Storica Attività;VIA DEL TORCHIO,14;Garue S.a.s.;Garue;1885;9.18017408931155;45.46070505664586;(45.46070505664586, 9.18017408931155)
7314;Storica Attività;VIA THAON DI REVEL,10;AL TRONCO S.A.S. DI ZINI SANDRA;RISTORANTE AL TRONCO;1933;9.188456307370904;45.49087699463044;(45.49087699463044, 9.188456307370904)
6397;Storica Attività;C.SO MATTEOTTI,14;Moroni Gomma S.r.l.;Moroni Gomma;1919;9.196086833030389;45.46678632965692;(45.46678632965692, 9.196086833030389)
6437;Storica Attività;VIA S. MARTA,11;Trattoria Milanese S.a.s.;Trattoria Milanese;1918;9.183672333596265;45.46300033509679;(45.46300033509679, 9.183672333596265)
6328;Storica Attività;P.ZZA MISSORI,3;ditta individuale;Citta' Di Londra;1949;9.188621154868219;45.46047510369705;(45.46047510369705, 9.188621154868219)
6252;Negozio storico;VIA CONSERVATORIO,17;ditta individuale;Mitarotonda - Strumenti musicali;1888;9.202098463102898;45.4670241855105;(45.4670241855105, 9.202098463102898)
7534;Negozio storico;CORSO VITTORIO EMANUELE II,15;GOBBI 1842 S.R.L.;GOBBI;1897;9.196229496160155;45.4656779031733;(45.4656779031733, 9.196229496160155)
6337;Storica Attività;CORSO DI PORTA ROMANA,2;ditta individuale;Walter - Abbigliamento;1932;9.188964934625794;45.46018101539897;(45.46018101539897, 9.188964934625794)
6260;Locale storico;VIA SAN PIETRO ALL'ORTO,3;San Francisco srl;Ristorante A' Santa Lucia;1929;9.195588560531188;45.46579383061626;(45.46579383061626, 9.195588560531188)
7430;Storica Attività;VIA GIOVANNI SCHIAPARELLI,4;FARMACIA PONTE SEVESO DI BENZI GIORGIO;FARMACIA PONTE SEVESO;1888;9.20498831647748;45.489638438326054;(45.489638438326054, 9.20498831647748)
7227;Negozio storico;CORSO VENEZIA,37;LOFFREDO GRAFICHE COMMERCIALE - S.R.L.;Cartoleria Venezia;1936;9.20036935932651;45.46996262654261;(45.46996262654261, 9.20036935932651)
6323;Storica Attività;VIA MADDALENA,5;Cartoleria Donzelli sas;Cartoleria Donzelli;1930;9.188282321131636;45.459400955454015;(45.459400955454015, 9.188282321131636)
7216;Storica Attività;VIA PAOLO SARPI,11;Mantellato S.R.L.;Mantellato oreficeria, argenteria, orologeria;1938;9.179008426818589;45.481623583960506;(45.481623583960506, 9.179008426818589)
7237;Storica Attività;CORSO BUENOS AIRES,53;La Stilografica S.r.l.;La Stilografica - Penne Timbri Targhe;1926;9.212291711314213;45.48192695633646;(45.48192695633646, 9.212291711314213)
6430;Storica Attività;V.LE SARCA,187;Stipiti Luciano Ruggerino e c. snc;Trattoria Toscana da Aldo;1950;9.209012589238565;45.51643435609414;(45.51643435609414, 9.209012589238565)
7197;Storica Attività;VIA RAFFAELLO SANZIO,29;D'Aleramo alta moda di Bistolfi Rosangela;Lydia - Boutique;1955;9.15152566162824;45.467832841026045;(45.467832841026045, 9.15152566162824)
6241;Storica Attività;CORSO MAGENTA,31;ditta individuale;Drogheria Grossi;1928;9.175863933704097;45.46579915895822;(45.46579915895822, 9.175863933704097)
6416;Storica Attività;VIA PARMIGIANINO,11;ditta individuale;Cartoleria Prandelli;1950;9.147697945761593;45.46668949188036;(45.46668949188036, 9.147697945761593)
6431;Storica Attività;VIA SANTA SOFIA,1;Boscani Nova sas;Boscani Nova tende in legno e tappeti;1904;9.193101712685204;45.457329213254404;(45.457329213254404, 9.193101712685204)
6963;Storica Attività;VIALE ZARA,87;Ditta individuale;"Ristorante ""La Villetta""";1936;9.194759447830625;45.4968481359401;(45.4968481359401, 9.194759447830625)
6366;Storica Attività;VIA G.C.PASSERONI,1;ditta individuale;Castellucchio Gomme;1946;9.205563665125242;45.44981176279049;(45.44981176279049, 9.205563665125242)
6415;Storica Attività;C.SO DI PORTA ROMANA,94;Polli S.n.c. di Andrea ed Ezio Polli;L'Arrotino Coltellinaio di Porta Romana;1890;9.196313997754034;45.45565958585205;(45.45565958585205, 9.196313997754034)
7435;Storica Attività;VIA MESSINA,0001;D'AMBROSIO NICOLA;L'ORTOLANO DI PAOLO SARPI;1934;9.175870878538156;45.48139197010629;(45.48139197010629, 9.175870878538156)
6393;Storica Attività;VIA CANTU',3;Mazza Stilografiche sas;Mazza Stilografiche;1955;9.186662302874355;45.464161862955955;(45.464161862955955, 9.186662302874355)
6200;Negozio storico;GALLERIA VITTORIO EMANUELE,12;Libreria Bocca sas di Bertoletti Donatella e C.;Libreria Bocca;1775;9.190126901627634;45.464993952809856;(45.464993952809856, 9.190126901627634)
6347;Storica Attività;VIA N. PICCINNI,1/3;Farmacia Dr. Mazzoleni & C. S.n.c.;Farmacia Mazzoleni;1908;9.214141367296314;45.48335538200006;(45.48335538200006, 9.214141367296314)
6221;Negozio storico;GALL. VITTORIO EMANUELE II,82;ditta individuale;Noli Articoli Per Fumatori;1927;9.190128600554981;45.46610439090255;(45.46610439090255, 9.190128600554981)
6344;Storica Attività;VIA MONTENAPOLEONE,9;F.lli Pisa S.p.a.;Pisa Orologeria;1940;9.195069598078426;45.46826977487788;(45.46826977487788, 9.195069598078426)
7188;Storica Attività;C.SO COMO,06;Altopascio 1 S.R.L.;Pizzeria di Porta Garibaldi;1956;9.1870819831733;45.48144276581414;(45.48144276581414, 9.1870819831733)
6304;Storica Attività;VIA TORINO,61;Al Pascia' S.r.l.;Al Pascià - Pipe ed articoli per fumatori;1905;9.183121900634697;45.4605951899323;(45.4605951899323, 9.183121900634697)
7413;Storica Attività;RIPA DI PORTA TICINESE,0027;OTTICA DEGANI DI VALLE' ALVARO E DEGANI ALBA S.N.C.;OTTICA DEGANI;1946;9.169338284385418;45.45052459956791;(45.45052459956791, 9.169338284385418)
6244;Locale storico;VIA S. MARIA ALLA PORTA,10;La Colonna S.a.s. di Trioschi Olivia e C.;Trattoria La Colonna;1922;9.18110713505743;45.46539346464936;(45.46539346464936, 9.18110713505743)
7648;Storica Attività;VIA PIERO DELLA FRANCESCA,31;DOODAD S.A.S. DI IVAN FECOLA & C.;Guffanti Impianti;1934;9.16347703008499;45.48414142275924;(45.48414142275924, 9.16347703008499)
6358;Storica Attività;VIA ZECCA VECCHIA,3;GARAGE S.REMO SRL;Garage San Remo;1949;9.18441485415776;45.46237939744013;(45.46237939744013, 9.18441485415776)
6427;Storica Attività;VIA VIGNA,5;Salumeria Lia S.n.c.;Salumeria Lia;1907;9.179397684309267;45.46398313702484;(45.46398313702484, 9.179397684309267)
7311;Storica Attività;CORSO GENOVA,1;PASTICCERIA CUCCHI S.R.L.;PASTICCERIA CUCCHI;1934;9.177585798698631;45.458625188057965;(45.458625188057965, 9.177585798698631)
6243;Insegna storica e di tradizione;VIA BRERA,32;Ponte Di Brera S.r.l.;Jamaica;1911;9.187542906544522;45.472572812391135;(45.472572812391135, 9.187542906544522)
6421;Storica Attività;VIA TOLSTOI,45;Rezzonico Giorgio e Felice snc;Macelleria Fratelli Rezzonico;1953;9.149954957569513;45.452571040388406;(45.452571040388406, 9.149954957569513)
6336;Storica Attività;C.SO PORTA ROMANA,74;Ditta Andrea Spinardi di Gianpaolo e Andrea Spinardi sas;Ditta Andrea Spinardi Ottonami - Ferramenta;1907;9.194446368101177;45.456755904780664;(45.456755904780664, 9.194446368101177)
6312;Storica Attività;VIA ROVELLO,0001;BENITO S.N.C. DI SALVATORE MAZZOTTA E C.;Benito Coiffeur;1951;9.184668705905159;45.46679023769815;(45.46679023769815, 9.184668705905159)
6229;Storica Attività;C.SO BUENOS AIRES,8;f.lli bugada srl;Ditta D. Collini F.lli Bugada - Casalinghi;1883;9.206549194834068;45.47574281609211;(45.47574281609211, 9.206549194834068)
6408;Storica Attività;VIA LUIGI SETTEMBRINI,41;Panificio Piazza sas;Panificio Piazza;1940;9.20822109291296;45.48406985798372;(45.48406985798372, 9.20822109291296)
6966;Storica Attività;VIA CANONICA,89;Cartoleria Colombo di A. Colombo & C. snc;Cartoleria Colombo;1953;9.169177203203137;45.481248168868504;(45.481248168868504, 9.169177203203137)
7186;Insegna storica e di tradizione;C.SO BUENON AIRES,05;Mutinelli di Matteo Giulio Mutinelli e C. S.A.S.;MUTINELLI Casa fondata 1888;1888;9.209165756931881;45.4785763946204;(45.4785763946204, 9.209165756931881)
7232;Storica Attività;VIA DOGANA,3;BAR MERCURIO DI ROCCO MADDALENA;Bar Mercurio;1927;9.188870658723026;45.46327766408529;(45.46327766408529, 9.188870658723026)
7204;Storica Attività;P.LE  A. CANTORE,5;Panificio Troian di Troian Liviana e Luciana s.n.c.;Pasticceria Panificio Troian;1913;9.174401094175975;45.45547635190336;(45.45547635190336, 9.174401094175975)
7433;Negozio storico;VIA TORINO,0057;FOTO VENETA OTTICA DI BISELLO GIORGIO;FOTO VENETA OTTICA DI BISELLO;1931;9.18322479859694;45.460720348614764;(45.460720348614764, 9.18322479859694)
7002;Locale storico;VIA CARDUCCI,13;Il Magenta srl;Bar Magenta;1907;9.175649204279747;45.46566621772484;(45.46566621772484, 9.175649204279747)
6896;Storica Attività;VIA CESARE CORRENTI,15;RINALDI MICHELE;RINALDI GIOIELLI;1959;9.179432843062191;45.45942085213829;(45.45942085213829, 9.179432843062191)
6959;Storica Attività;VIA MANZONI,11;Frette srl;Biancheria per la Casa Frette;1877;9.191378394038072;45.46886375124785;(45.46886375124785, 9.191378394038072)
6977;Storica Attività;VIA MONTEGANI,66;Eredi Gelmini sas;Antico Forno Gelmini;1903;9.177501841702716;45.43202371671889;(45.43202371671889, 9.177501841702716)
7497;Storica Attività;VIA SOLFERINO,0011;RISTORANTE RIGOLO DI SIMONCINI RENATO E C. S.A.S.;RISTORANTE RIGOLO;1958;9.186986250211483;45.47502987637105;(45.47502987637105, 9.186986250211483)
7312;Storica Attività;VIA AJACCIO,13;PASTICCERIA MIGLIAVACCA S.N.C.;PASTICCERIA MIGLIAVACCA ALBERTO;1958;9.235075029960184;45.47068297276432;(45.47068297276432, 9.235075029960184)
7208;Storica Attività;P.ZZA A. DIAZ,1;Renna Sport s.r.l.;Renna Sport;1927;9.190263493393081;45.462712660893686;(45.462712660893686, 9.190263493393081)
6754;Storica Attività;C.SO DI PORTA VIGENTINA,10;ditta individuale;Pasticceria Paradiso;1949;9.195571626868794;45.45524309528662;(45.45524309528662, 9.195571626868794)
6751;Negozio storico;GALLERIA VITTORIO EMANUELE II,88;Mejana Giovanni snc;Mejana;1911;9.19013406071465;45.466229354335496;(45.466229354335496, 9.19013406071465)
6748;Storica Attività;C.SO GARIBALDI,116;ditta individuale;Decio dal 1929;1929;9.186065438302474;45.479485556133035;(45.479485556133035, 9.186065438302474)
6361;Storica Attività;C.SO VERCELLI,16;Gemelli S.p.a.;Gemelli - Abbigliamento;1927;9.16238569503036;45.46638760289927;(45.46638760289927, 9.16238569503036)
6320;Storica Attività;VIA SONCINO,1;CAMICERIA AMBROSIANA DI AGOSTINI ALESSANDRO;Camiceria Ambrosiana;1954;9.182824432500276;45.45997605987899;(45.45997605987899, 9.182824432500276)
6390;Storica Attività;P.LE CADORNA,9;ditta individuale;Matuella l'Ottico di Milano;1928;9.176489945574339;45.4676475327215;(45.4676475327215, 9.176489945574339)
6409;Negozio storico;VIA SPADARI,9;Peck S.p.a.;Peck;1883;9.187179582072375;45.463373313020355;(45.463373313020355, 9.187179582072375)
6325;Storica Attività;VIA CANALETTO,1;ditta individuale;Cicli Coss;1945;9.227487465774976;45.46990828368641;(45.46990828368641, 9.227487465774976)
6216;Storica Attività;VIA CAPPUCCIO,18;Le Botteghe snc;Antica Drogheria di Via Cappuccio;1893;9.179367789569358;45.46358352197249;(45.46358352197249, 9.179367789569358)
6771;Storica Attività;VIA GONZAGA M.,6;Ristorante da Bruno sas;Ristorante da Bruno;1939;9.189048783153563;45.461549031800885;(45.461549031800885, 9.189048783153563)
7184;Negozio storico;VIALE CAMPANIA,30;IL GIOIELLO SRL;IL GIOIELLO CREPERIO C.E.;1957;9.224186107887503;45.464751837066586;(45.464751837066586, 9.224186107887503)
6351;Storica Attività;P.ZZA DEL TRICOLORE,2;Colombo Della Volta S.r.l.;Fiorista Colombo Della Volta;1928;9.206261991749164;45.46752214198826;(45.46752214198826, 9.206261991749164)
6971;Storica Attività;PIAZZA MERCANTI,17;Ristorante al Mercante sas di Romanini Corrado & C.;Ristorante al Mercante;1919;9.187265902941187;45.46472302648702;(45.46472302648702, 9.187265902941187)
7577;Storica Attività;VIA LUIGI ORNATO,45;BERETTA LUCILLA;Calzature Beretta;1927;9.19200304412347;45.518205513039916;(45.518205513039916, 9.19200304412347)
6957;Storica Attività;VIA TOLSTOI,40;ditta individuale;Gioielleria Bellocci e Figlio;1958;9.15037011964541;45.45239540305347;(45.45239540305347, 9.15037011964541)
6768;Storica Attività;C.SO ITALIA,6;La Bottega del Timbro srl;La Bottega del Timbro;1929;9.18800550412368;45.45984215517232;(45.45984215517232, 9.18800550412368)
6403;Storica Attività;VIA PAULUCCI DE CALBOLI,3;ditta individuale;Panificio Cella Antonio;1925;9.192227899794185;45.51555665733154;(45.51555665733154, 9.192227899794185)
6345;Storica Attività;GALLERIA VITTORIO EMANUELE,63/65;Fratelli Prada srl;Fratelli Prada;1913;9.189800679007568;45.46572005434935;(45.46572005434935, 9.189800679007568)
6435;Storica Attività;VIA PIERO DELLA FRANCESCA,8;ditta individuale;Torrefazione Moka Hodeidah;1946;9.167209618591958;45.4822729232582;(45.4822729232582, 9.167209618591958)
6249;Storica Attività;VIA P. SARPI,27;ditta individuale;Macelleria Sirtori;1931;9.175895005410974;45.481324433214596;(45.481324433214596, 9.175895005410974)
7575;Storica Attività;PIAZZALE LUIGI CADORNA,9;VIRBAR S.R.L.;Pasticceria Villa Caffetteria;1896;9.176248300035475;45.46782999003423;(45.46782999003423, 9.176248300035475)
6976;Storica Attività;VIA SOLARI,3;Sanguinetti di Oscar Sanguinetti & C. sas;Sanguinetti Francobolli;1906;9.16805868558473;45.45668432492078;(45.45668432492078, 9.16805868558473)
6232;Storica Attività;VIA LARGA,8;F.lli Brambilla S.n.c.;A. Brambilla - Abbigliamento;1926;9.193157854541836;45.46221958735393;(45.46221958735393, 9.193157854541836)
6357;Storica Attività;C.SO  MATTEOTTI,20;Galleria Bolzani S.r.l.;Galleria Bolzani;1922;9.196631386816803;45.466761486402575;(45.466761486402575, 9.196631386816803)
6224;Storica Attività;VIA SANSOVINO,1;ditta individuale;Guerrini Merceria Maglieria;1931;9.217340561399732;45.47930662798524;(45.47930662798524, 9.217340561399732)
6370;Storica Attività;VIA CASATI FELICE,2;Gusella S.p.a.;Gusella - Calzature;1932;9.206968532550396;45.47676188110022;(45.47676188110022, 9.206968532550396)
6226;Negozio storico;VIA TAGLIAMENTO,1;ditta individuale;Cartoleria Tipografia F.lli Bonvini;1909;9.215395871273977;45.44396837946128;(45.44396837946128, 9.215395871273977)
6199;Insegna storica e di tradizione;P.ZZA DUOMO,21;Caffe' Miani S.r.l.;Zucca In Galleria;1867;9.18987517939506;45.464889417615964;(45.464889417615964, 9.18987517939506)
6338;Storica Attività;VIA PORPORA,157;ditta individuale;Il Grifo D'Oro Enoteca;1937;9.232111949733078;45.48621446779854;(45.48621446779854, 9.232111949733078)
6326;Storica Attività;GALLERIA BUENOS AIRES,11;BE ONE MILANO S.R.L.;Cin Cin Bar;1953;9.21048848999271;45.47987794999426;(45.47987794999426, 9.21048848999271)
7224;Storica Attività;VIA DOGANA,3;Ire s.r.l.;Ristorante Pizzeria Dogana;1951;9.188824530736213;45.46318503704378;(45.46318503704378, 9.188824530736213)
6964;Storica Attività;VIA SARPI,31;Baita del Formaggio snc;Baita del Formaggio di Fabio Re;1939;9.175571507733597;45.481303049059015;(45.481303049059015, 9.175571507733597)
7225;Storica Attività;VIALE GABRIELE D'ANNUNZIO,9;RIMOLDI PIETRO;RIMOLDI OTTICO IN MILANO;1932;9.175783028130635;45.454336597981346;(45.454336597981346, 9.175783028130635)
6246;Storica Attività;VIA VINCENZO MONTI,2;F.lli Merlo S.n.c.;Cartoleria F.lli Merlo;1930;9.175494763016813;45.46627498956836;(45.46627498956836, 9.175494763016813)
6749;Storica Attività;VIA GONZAGA,5;Ronchi Oreficeria Orologeria srl;Gioielleria Ronchi;1929;9.189257117418345;45.461516777568605;(45.461516777568605, 9.189257117418345)
6766;Storica Attività;VIA RIPAMONTI,3/a;ditta individuale;Gioielleria Zingaro;1952;9.196797506141465;45.451374276905774;(45.451374276905774, 9.196797506141465)
7565;Storica Attività;CORSO SAN GOTTARDO,2;OTTICA ALEARDI S.A.S. DI ANTONELLA ALEARDI E C.;OTTICA ALEARDI;1919;9.180131634383388;45.45201933845875;(45.45201933845875, 9.180131634383388)
6388;Storica Attività;CORSO EUROPA,18;Margherita S.a.s.;Margherita;1925;9.197170479890696;45.46474842197444;(45.46474842197444, 9.197170479890696)
6426;Storica Attività;VIA CERVA,6;Salumeria Cerva srl;Salumeria e Gastronomia Cerva;1956;9.198396631201962;45.46373837231268;(45.46373837231268, 9.198396631201962)
7587;Storica Attività;VIA ZEBEDIA,9;BRANCATO DANIELE;Orologeria Zebedia;1947;9.186639808725962;45.46072130962586;(45.46072130962586, 9.186639808725962)
7649;Storica Attività;VIA TITO LIVIO,0024;MAGLIERIA TINA DI PASINI CLAUDIO S.A.S.;Maglieria Tina;1962;9.219010017093305;45.45074116292452;(45.45074116292452, 9.219010017093305)
6364;Storica Attività;PIAZZA DEL DUOMO,19;CIELO S.P.A.;Gioielleria Cielo;1922;9.1888705526006;45.46468624301355;(45.46468624301355, 9.1888705526006)
6912;Storica Attività;VIA DOLCI,26;CAVANNA PAOLA di CAVANNA & C. SNC;Orologeria Cavanna;1956;9.14194463104616;45.473177422307934;(45.473177422307934, 9.14194463104616)
6306;Storica Attività;LARGO TREVES,2;Argenteria Dabbene S.r.l.;Fabbrica Argenteria Dabbene;1939;9.187218538973669;45.475246235200395;(45.475246235200395, 9.187218538973669)
6228;Insegna storica e di tradizione;VIA MONTENAPOLEONE,8;Cova Montenapoleone srl;Cova Pasticceria;1817;9.195440213090608;45.46812622952572;(45.46812622952572, 9.195440213090608)
6233;Storica Attività;V.LE ZARA,132;ditta individuale;Drogheria La Casa del Miele;1929;9.197863000344267;45.50051768816257;(45.50051768816257, 9.197863000344267)
6443;Storica Attività;V.LE MONZA,222;Viel S.a.s. di Viel Domenico;Viel;1948;9.224746172831187;45.51218140467408;(45.51218140467408, 9.224746172831187)
6762;Storica Attività;C.SO BUENOS AIRES,55;Farm. Marinoni della D.sa Marinoni & C. snc;Farmacia Dott. Marinoni;1901;9.212620129720941;45.48229259390619;(45.48229259390619, 9.212620129720941)
6974;Storica Attività;VIA SAN CALIMERO,1;Gloria sas;Antica Farmacia Foglia;1835;9.193385168186484;45.457412246888246;(45.457412246888246, 9.193385168186484)
7426;Storica Attività;VIA DEI MISSAGLIA,21;PHIL BAR S.N.C. DI MEAZZA PATRIZIA & ANGELILLO VITO;ANTICA OSTERIA DE IL RONCHETTINO;1929;9.178595896658514;45.4250222977802;(45.4250222977802, 9.178595896658514)
6316;Storica Attività;VIA CASORETTO,5;BAGATTI DANIELE;Bottega Artigiana Bronzisti Bottega Bagatti;1927;9.225427733895708;45.48877861120999;(45.48877861120999, 9.225427733895708)
6685;Storica Attività;CORSO VENEZIA ANG. VIA SENATO,2;Farmacia Brera Porati S.a.s. del Dott. Cesare Fradegrada & C.;Farmacia Brera Porati;1835;9.199313578982421;45.46900228297925;(45.46900228297925, 9.199313578982421)
6747;Storica Attività;VIA ZEBEDIA,9;ditta individuale;Copisteria Dorigoni;1933;9.186843452931223;45.460671461109705;(45.460671461109705, 9.186843452931223)
6204;Insegna storica e di tradizione;V.LE ALEMAGNA,6;Old Fashion srl;Old Fashion Cafe';1933;9.173735875765722;45.472245283901316;(45.472245283901316, 9.173735875765722)
6681;Storica Attività;VIA MONTENAPOLEONE,7;Larus Miani S.p.a.;Larusmiani;1929;9.195321238767821;45.468054648559196;(45.468054648559196, 9.195321238767821)
6385;Storica Attività;VIA MAURIZIO GONZAGA,0006;MACRI' ANTONIO;Acconciature Lui e Lei;1937;9.188723017319676;45.46129845507998;(45.46129845507998, 9.188723017319676)
6750;Storica Attività;C.SO EUROPA,22;ditta individuale;Lord Mayor;1958;9.197458214372624;45.46506645012902;(45.46506645012902, 9.197458214372624)
7698;Storica Attività;VIA CASTEL MORRONE,0002;PISA DI PISA ELISABETTA E LAURA S.N.C.;PISA;1953;9.214729095131673;45.46827630259369;(45.46827630259369, 9.214729095131673)
7428;Storica Attività;VIA GIUSEPPE RIPAMONTI,7/A;BRAMBILLA UNIVERSAL SHOES SRL;BRAMBILLA CALZATURE;1936;9.198811423018327;45.44410928091184;(45.44410928091184, 9.198811423018327)
6770;Storica Attività;V.LE MONZA,91;Pasticceria G. Cova & C. srl;Pasticceria G. Cova & C.;1930;9.219355812719522;45.49564592369102;(45.49564592369102, 9.219355812719522)
6440;Storica Attività;VIA TORINO,52;Tutto Per Lo Sport Polare sas;Tutto Per Lo Sport;1926;9.184359694480076;45.4609417342781;(45.4609417342781, 9.184359694480076)
7229;Storica Attività;VIA GIUSEPPE MAZZINI,8;FUGAZZI MARIO S.N.C. DI MARIO E ANTONIO FUGAZZI;GIOIELLERIA MARIO FUGAZZI;1914;9.18849875009737;45.46300164469882;(45.46300164469882, 9.18849875009737)
6969;Storica Attività;VIA SARPI,3;ditta individuale;Magazzini Vittoria;1938;9.180355476117443;45.48168323105067;(45.48168323105067, 9.180355476117443)
7366;Storica Attività;VIALE TUNISIA,0025;MOSELE S.R.L.;MOSELE GIOIELLERIA;1957;9.202758067551445;45.478529881571916;(45.478529881571916, 9.202758067551445)
6311;Storica Attività;VIA SANTA MARIA DELLA PORTA,13;Bar Birreria Cavour sas;Birreria Cavour;1910;9.180469781667117;45.46553428889041;(45.46553428889041, 9.180469781667117)
7508;Storica Attività;VIA FONTANA,3;CITTERIO LIVIO S.A.S. DI CITTERIO OSVALDO & C.;CITTERIO;1959;9.203561970012865;45.46197726000521;(45.46197726000521, 9.203561970012865)
6197;Negozio storico;PIAZZA SAN SEPOLCRO,2;Amleto Missaglia di A. Missaglia e c. sas;Amleto Missaglia - Gioielleria;1884;9.184892870234414;45.46304357901246;(45.46304357901246, 9.184892870234414)
7536;Storica Attività;VIALE UMBRIA,96;MAGNANI GIOIELLI S.N.C. DI MAGNANI ANNA;MAGNANI GIOIELLI;1963;9.217411400083675;45.45755219136697;(45.45755219136697, 9.217411400083675)
6322;Storica Attività;VIA LARGA,8;Cartoleria Adua S.a.s.;Cartoleria Adua;1947;9.193076414333493;45.46217867958499;(45.46217867958499, 9.193076414333493)
7431;Storica Attività;VIA PIACENZA,24;FARMACIA ROMA DEI DOTTORI ANTONIOLI LUCA ENRICO MICHELE E FOX STEFANO FELICE & C. S.N.C.;FARMACIA ROMA;1932;9.205796607705862;45.44943274318952;(45.44943274318952, 9.205796607705862)
6434;Storica Attività;VIA PACINI,24;Tisci S.n.c.;Tisci pellicceria;1949;9.228557468212271;45.48188866478803;(45.48188866478803, 9.228557468212271)
6396;Storica Attività;P.ZZA MISSORI,3;Mic.Edo srl;Bar Missori;1949;9.188573812735697;45.46063136166308;(45.46063136166308, 9.188573812735697)
7226;Storica Attività;VIA PONTE SEVESO,0019;CATTANEO MAURIZIO;Pasta fresca e granaglie;1931;9.203861934196542;45.488720437181094;(45.488720437181094, 9.203861934196542)
7185;Storica Attività;VIA MAZZINI,2;Colombo Elena;E.S. Il bello dell'intimo;1951;9.188512878827762;45.46361402664913;(45.46361402664913, 9.188512878827762)
6319;Storica Attività;VIA MONTE CENGIO,6;ditta individuale;De Fabiani Calzature;1892;9.24454366796364;45.43167105890319;(45.43167105890319, 9.24454366796364)
7439;Storica Attività;VIA CREMA,0025;PASTICCERIA SOMMARIVA GIORGIO;PASTICCERIA SOMMARIVA;1919;9.20295791183632;45.44792925419231;(45.44792925419231, 9.20295791183632)
7361;Storica Attività;PIAZZALE LUIGI EMANUELE CORVETTO,1;STADLER S.R.L.;Stadler Gioielleria;1952;9.224236467279018;45.44026119607433;(45.44026119607433, 9.224236467279018)
6761;Storica Attività;C.SO MAGENTA,25;E.E. Ercolessi sas;E.E. Ercolessi;1921;9.177316639974318;45.465864350065374;(45.465864350065374, 9.177316639974318)
7194;Storica Attività;VIALE TIBALDI,3;Pasini s.a.s. di Juna Michela Pasini & C.;Pasini 1922 Milano;1922;9.177630850041195;45.44368685694185;(45.44368685694185, 9.177630850041195)
6317;Storica Attività;VIA DOGANA,2;Enrico Broggi sas;Broggi;1947;9.189406547070094;45.46326026856674;(45.46326026856674, 9.189406547070094)
7210;Storica Attività;VIA LOMAZZO,4;Volpe Sergio Gianpiero;Volpe tutto bimbi;1936;9.173085200450506;45.48116305886507;(45.48116305886507, 9.173085200450506)
6424;Storica Attività;PIAZZA DUOMO,21;Ruggeri Abbigliamento S.n.c.;Ruggeri - Abbigliamento;1936;9.189339492066226;45.46471923015102;(45.46471923015102, 9.189339492066226)
6419;Storica Attività;VIA BAGUTTA,1;ditta individuale;Ottavio Re di Coletto;1935;9.19711660187169;45.46714905141852;(45.46714905141852, 9.19711660187169)
6407;Storica Attività;VIA CAPPUCCIO,22;Panificio Pasticceria Lia S.n.c. di Silini Lia & C.;Panificio Pasticceria Lia;1907;9.179384757227231;45.463932336588705;(45.463932336588705, 9.179384757227231)
7313;Storica Attività;VIA SANTA CROCE,2;DITTA TONELLA SERGIO;CAFFE' E TABACCHI MOLINO DELLE ARMI;1936;9.183579524982088;45.456687780777344;(45.456687780777344, 9.183579524982088)
7104;Storica Attività;PIAZZA SAN NAZARO,15;Casalinghi Fornaro di Stefano Fornaro & C. S.n.c.;Casalinghi Fornaro;1945;9.192961292036532;45.45790708478217;(45.45790708478217, 9.192961292036532)
6261;Negozio storico;P.ZZA S. AMBROGIO,10;Snc Paolini Roberto di Silvio Paolini & C.;Gioielleria Paolini;1941;9.174891303494494;45.46306270551367;(45.46306270551367, 9.174891303494494)
6955;Storica Attività;VIA WASHINGTON,72;ditta individuale;Gioielleria Tiberio Mihail;1957;9.154572239397323;45.45957994821722;(45.45957994821722, 9.154572239397323)
6376;Storica Attività;VIA G. MORONE,3;Lagori Francesco sas;Pellicceria Lagori Francesco di Lagori Cinzia e C.;1944;9.191676607932965;45.46819694741873;(45.46819694741873, 9.191676607932965)
6380;Storica Attività;VIA RUGABELLA,1;Libreria Mauro S.n.c.;Libreria Mauro di Burlini G&C;1954;9.189981953213804;45.45915798024004;(45.45915798024004, 9.189981953213804)
7347;Storica Attività;PIAZZA LUIGI DI SAVOIA,2;GIGLIO ROSSO S.A.S. DI ENRICO FONTANELLI & C.;RISTORANTE GIGLIO ROSSO;1953;9.205387127655388;45.48474336225085;(45.48474336225085, 9.205387127655388)
7191;Storica Attività;VIA.LE CERTOSA,20/22;La Boutique del Pneumatico di Franchi Massimo & C. s.a.s.;La Boutique del Pneumatico;1958;9.15277271698678;45.48965454317825;(45.48965454317825, 9.15277271698678)
6234;Negozio storico;VIA PANFILO CASTALDI,29;ditta individuale;Antica Farmacia Del Lazzaretto;1750;9.203731712477477;45.476462299162264;(45.476462299162264, 9.203731712477477)
7315;Storica Attività;VIALE CALDARA EMILIO,20;FOTOMATERIALE S.A.S. DI SOLAROLO GIOVANNI & C.;FOTOMATERIALE;1960;9.203125866388644;45.45437376594423;(45.45437376594423, 9.203125866388644)
6433;Storica Attività;C.SO PORTA TICINESE,18;ditta individuale;Fratelli Bernasconi;1890;9.180967551504523;45.458620978625866;(45.458620978625866, 9.180967551504523)
6774;Storica Attività;P.ZZA DUOMO,21;Grimoldi srl;Orologeria in Milano Grimoldi;1889;9.189441864443216;45.46471930344854;(45.46471930344854, 9.189441864443216)
6956;Storica Attività;VIA ROVELLO,18;Zanda snc;Zanda Serrature di Sicurezza;1911;9.184219356086665;45.468534340272804;(45.468534340272804, 9.184219356086665)
6398;Storica Attività;VIA DOGANA,3;Orologeria Luigi Verga S.p.a.;Orologeria Luigi Verga;1947;9.188580890965811;45.46310371768765;(45.46310371768765, 9.188580890965811)
7221;Storica Attività;VIA AGILULFO,18;DRALI GIUSEPPE;BICICLETTE DRALI;1925;9.174558046106398;45.43298624663889;(45.43298624663889, 9.174558046106398)
7203;Storica Attività;VIA ARNOLFO DI CAMBIO,1/A;L'Isola di Sarais Luca e C. s.n.c.;Cantine Isola;1937;9.176500402381116;45.48144474509511;(45.48144474509511, 9.176500402381116)
6384;Storica Attività;VIA SPALLANZANI,6;Macelleria Equina S.n.c. di Vittorio Pellegrini e C.;Macelleria Pellegrini;1949;9.206207505197943;45.47527072770571;(45.47527072770571, 9.206207505197943)
7192;Storica Attività;VIA GIUSEPPE MUSSI,16;Grecchi Luigi;Pasticceria Grecchi Luigi;1960;9.166450111757234;45.48255774919919;(45.48255774919919, 9.166450111757234)
7541;Negozio storico;VIA SOLFERINO,3;MERU' DI BARTOLOMEO E GIOVANNA MEREU' S.N.C.;MERU' GIOIELLI;1959;9.187384962768737;45.47291782577564;(45.47291782577564, 9.187384962768737)
6417;Storica Attività;VIA TARAMELLI,70;A' Riccione srl;Ristorante A' Riccione;1955;9.195939808111378;45.49446373073068;(45.49446373073068, 9.195939808111378)
6377;Storica Attività;VIA ANGELO INGANNI,54;ANTICA CARTOLIBRERIA INGANNI S.R.L.;L 'Antica Cartolibreria di Via Inganni;1955;9.12486789850441;45.452858095924;(45.452858095924, 9.12486789850441)
6307;Storica Attività;VIA ALTAGUARDIA,11;Argenterie Ganci;Argenterie Ganci;1926;9.199836875576665;45.44984786676532;(45.44984786676532, 9.199836875576665)
7473;Locale storico;PIAZZALE DI PORTA LODOVICA,2;GUD S.R.L.;Gattullo;1961;9.185987899505632;45.45225150072346;(45.45225150072346, 9.185987899505632)
6395;Storica Attività;VIA PAOLO DA CANNOBIO,2;Milanfisa snc;Milanfisa Coletta Mario e Figli - Strumenti musicali;1950;9.191055861608792;45.46201219743877;(45.46201219743877, 9.191055861608792)
6356;Storica Attività;VIA MONTENAPOLEONE,9;Lorenzi Giovanni snc;G. Lorenzi;1929;9.195110822219062;45.46823461784522;(45.46823461784522, 9.195110822219062)
6230;Storica Attività;PIAZZA MERCANTI,21;DITTA GUENZATI DI RAGNO LUIGI LUCA & C. - SOCIETA' IN ACCOMANDITASEMPLICE;Ditta Guenzati;1768;9.18634563187925;45.4653764157871;(45.4653764157871, 9.18634563187925)
7353;Storica Attività;VIALE MONZA,61;CARTOLERIA GAMBARDELLA S.R.L.;CARTOLERIA GAMBARDELLA;1951;9.218666339051037;45.49294007950371;(45.49294007950371, 9.218666339051037)
6414;Storica Attività;P.ZZA OBERDAN,2;ditta individuale;Il Panificio di Pesce Carmela;1925;9.206258613214256;45.47395081989155;(45.47395081989155, 9.206258613214256)
6205;Insegna storica e di tradizione;VIA VISCONTI DI MODRONE,2;2 Visconti di Modrone srl;Taveggia;1909;9.199077509626274;45.463225865853666;(45.463225865853666, 9.199077509626274)
7572;Locale storico;VIA ALBERTO NOTA,0047;ARLATI MARIO TRATTORIA ARLATI;Premiata Trattoria Arlati;1936;9.208807407901395;45.5180908364423;(45.5180908364423, 9.208807407901395)
6329;Storica Attività;VIA TRINCEA DELLE FRASCHE,1;Confezioni Viola sas;Viola - Confezioni;1938;9.181112143056415;45.45200350309631;(45.45200350309631, 9.181112143056415)
6222;Storica Attività;VIA MANZONI,12;Bijoux De Paris S.r.l.;Bijoux De Paris;1953;9.191455934829236;45.46871393158881;(45.46871393158881, 9.191455934829236)
7217;Storica Attività;VIA POLA,19;Tresoldi Elena;Pola tabacchi;1938;9.19284641759855;45.489141169610235;(45.489141169610235, 9.19284641759855)
6203;Negozio storico;VIA MANZONI,39;Grimoldi srl;Grimoldi - Gioielleria;1867;9.1938184304852;45.47107032341219;(45.47107032341219, 9.1938184304852)
7539;Storica Attività;VIA FRANCESCO ANZANI,0002;EREDI LABADINI DI GINEX LAURA ARGENE & C. S.A.S.;LABADINI;1909;9.21346951330317;45.46215759210092;(45.46215759210092, 9.21346951330317)
6363;Storica Attività;VIA OLMETTO,10;Fortura Giocattoli S.r.l.;Fortura Giocattoli;1919;9.185013439375254;45.459335520386844;(45.459335520386844, 9.185013439375254)
6256;Storica Attività;VIA C. BATTISTI,1;G. Preattoni & C. S.a.s.;G. Preattoni;1946;9.199283380289275;45.46318404737027;(45.46318404737027, 9.199283380289275)
6302;Storica Attività;VIA DOGANA,2;Adamas Srl;Adamas Gioielli;1949;9.189275861481581;45.46325000779822;(45.46325000779822, 9.189275861481581)
6425;Storica Attività;VIA DOGANA,4;ditta individuale;Salone 900;1911;9.188719516476349;45.46327025387664;(45.46327025387664, 9.188719516476349)
7364;Storica Attività;VIA ALFONSO LAMARMORA,31;BELLONI & C. S.N.C. DI ATTILIO, FRANCESCO E LUISA BELLONI;GIOIELLERIA BELLONI;1955;9.20357801029316;45.45732053683049;(45.45732053683049, 9.20357801029316)
7310;Storica Attività;VIA UGO FOSCOLO,1;AUTOGRILL SPA;MOTTA;1928;9.1907394480014;45.46476610157186;(45.46476610157186, 9.1907394480014)
6972;Storica Attività;VIA ASTI,12;Sintolvox srl;Sintolvox Radio,Tv, parti staccate;1954;9.153099558773478;45.466516973966456;(45.466516973966456, 9.153099558773478)
6382;Storica Attività;VIA PANFILO CASTALDI,0032;MISITI LUIGI;Parrucchiere Gino;1900;9.20427784713928;45.47613129575317;(45.47613129575317, 9.20427784713928)
6259;Negozio storico;VIA BERGAMINI,7;Sangalli Giuliano & c. S.n.c.;Sangalli dal 1900 Orologeria / Gioielleria / Pendoleria;1900;9.19415186075146;45.46169576075458;(45.46169576075458, 9.19415186075146)
6349;Storica Attività;VIALE SABOTINO,1;Mercandelli Francesco;Fioreria Mercandelli;1936;9.196607884530017;45.45080273832417;(45.45080273832417, 9.196607884530017)
6333;Storica Attività;VIA GIOVANNI GHERARDINI,0002;DELLE FAVE MARIO;Barbiere Mario Delle Fave;1957;9.170524614011633;45.47706081066781;(45.47706081066781, 9.170524614011633)
6314;Storica Attività;P.LE BARACCA,10;ditta individuale;Panificio Bollani;1930;9.16479040826299;45.46632303198017;(45.46632303198017, 9.16479040826299)
6744;Storica Attività;L.GO MARIA CALLAS,1;Ristorante 4 Mori s.r.l.;Ristorante Quattro Mori;1949;9.181233729997933;45.46747534700159;(45.46747534700159, 9.181233729997933)
6958;Storica Attività;GALLERIA DEL CORSO,1;Esercizio Le Tre Gazzelle srl;Le Tre Gazzelle;1954;9.195353168036782;45.46518795820525;(45.46518795820525, 9.195353168036782)
7218;Storica Attività;VIA CANONICA,72;Cartografica Lombarda di Scotti Alfredo e C. S.n.c.;Cartoleria Libreria Scotti;1946;9.171279670489971;45.48032987806983;(45.48032987806983, 9.171279670489971)
6262;Negozio storico;P.ZZA DUOMO,19;SocietÃ  Archenti di Pozzi Archenti P. S.a.s.;Archenti - Gioielleria;1887;9.188849807154483;45.46472153498348;(45.46472153498348, 9.188849807154483)
7580;Storica Attività;VIA PROCACCINI GIULIO CESARE,63;LA MUSICALE DI BISIGHINI LIVIA;La Musicale del MÂ° G. Guerrini;1964;9.228981943980795;45.470726448606825;(45.470726448606825, 9.228981943980795)
6359;Storica Attività;VIA VEGLIA,57;Garbagnati le SpecialitÃ  srl;Garbagnati - Panetteria pasticceria;1937;9.19494115885213;45.49970656079901;(45.49970656079901, 9.19494115885213)
6445;Storica Attività;VIA P. DA CANNOBIO,39;Vigano' Alta Moda S.r.l.;Viganò;1919;9.189441372660161;45.46055839361703;(45.46055839361703, 9.189441372660161)
6444;Storica Attività;GALL. VITTORIO EMANUELE II,14;Vigano' Alta Moda S.r.l. di Vigano' Giancarlo;Viganò;1919;9.190126078720887;45.46507260659303;(45.46507260659303, 9.190126078720887)
7278;Storica Attività;VIA TOMMASO MARINO,7;Auripa S.a.s. di Bonomo Paolo & C.;Ristorante PapÃ  Francesco;1946;9.190045865877337;45.46657388661685;(45.46657388661685, 9.190045865877337)
6420;Storica Attività;VIA SANSOVINO,27;Cuoccio AntichitÃ  sas;Cuoccio Giuseppe Restauri Antichita';1954;9.220688126187028;45.47911745883771;(45.47911745883771, 9.220688126187028)
6446;Storica Attività;VIA MONTEVIDEO,8;Vigano' Pietro srl;Viganò Pietro Ferramenta;1927;9.166476471149355;45.45561030466062;(45.45561030466062, 9.166476471149355)
7697;Storica Attività;P.ZZA DUOMO - PORT.MERIDIONALI,SNC;LABO' GIAMPIERO LUIGI;Edicola LabÃ²;1951;9.229629728622871;45.68860619351565;(45.68860619351565, 9.229629728622871)
7212;Storica Attività;VIA PAOLO SARPI,60;Gestioni AttivitÃ  Commerciali S.r.l.;Pizzeria da Giuliano;1923;9.170913781097603;45.480991264784215;(45.480991264784215, 9.170913781097603)
7788;Storica Attività;VIA NICASTRO,0004;GATTI GIANANTONIO;Panificio Gatti;1909;9.221941318363776;45.45219141530022;(45.45219141530022, 9.221941318363776)
6961;Storica Attività;VIA ZEBEDIA,2;FUSAGLIA DI FUSAGLIA LUCA E ANDREA S.N.C.;Fusaglia - Dal 1910 Chiavi, serrature, casseforti;1910;9.186737322445133;45.46070088855528;(45.46070088855528, 9.186737322445133)
7770;Storica Attività;VIALE FULVIO TESTI,0078;EREDI FARINA S.A.S. DI ROMUALDO E SILVANO FARINA E C.;Casalinghi Ferramenta Farina;1951;9.202578248384903;45.50925756650003;(45.50925756650003, 9.202578248384903)
7789;Storica Attività;VIA SAN GREGORIO,0001;PASTICCERIA SAN GREGORIO S.A.S. DI PIERANGELO BERNASCONI & C.;Pasticceria San Gregorio;1948;9.208268906953453;45.4776817957219;(45.4776817957219, 9.208268906953453)
7772;Storica Attività;VIA DEGLI IMBRIANI,0061;VALASSINA ANGELO;Kammi Valassina;1957;9.165807197799381;45.50189945214578;(45.50189945214578, 9.165807197799381)
7771;Storica Attività;VIA ANDREA SOLARI,46;OCCHIALI PELO S.N.C. DEI F.LLI PELO E GRAZIELLA MARCUOLA;Occhiali Pelo dal 1930;1930;9.158859103113592;45.45395670304076;(45.45395670304076, 9.158859103113592)
7823;Storica Attività;CORSO XXII MARZO,23;FIERA DEL LIBRO DI GUAITAMACCHI DAVIDE & C. S.N.C.;LIBRERIA FIERA DEL LIBRO;1962;9.210858251622124;45.46228414739338;(45.46228414739338, 9.210858251622124)
7817;Storica Attività;VIALE TUNISIA,0004;LIBRERIA INTERNAZIONALE C.E.L.I.P. CASA EDITRICE LIBRERIA INTERNAZIONALE PARTIPILO;LIBRERIA PARTIPILO;1966;9.206157836397406;45.4769578804648;(45.4769578804648, 9.206157836397406)
7860;Insegna storica e di tradizione;GALLERIA VITTORIO EMANUELE II,0075;RIDE S.R.L.;Galleria;1968;9.189299917504517;45.465625940757484;(45.465625940757484, 9.189299917504517)
7725;Negozio storico;VIA FIORI OSCURI,13;ANTICA FARMACIA DI BRERA SAS DEL DR. STEFANO DANESI E C.;ANTICA FARMACIA DI BRERA;1812;9.189226260639893;45.47256477052084;(45.47256477052084, 9.189226260639893)
7595;Storica Attività;VIA MARIOTTO ALBERTINELLI,0002;NUOVO MOBILIFICIO ALBERTINELLI DI COLOMBO GIANCLAUDIO GAETANO & C. S.A.S.;MOBILIFICIO ALBERTINELLI;1961;9.139838049200865;45.474648544688705;(45.474648544688705, 9.139838049200865)
7837;Storica Attività;VIALE TIBALDI,48;RONCHETTI VITTORIO;RONCHETTI DOLCIUMI;1956;9.182688295647894;45.44412940055118;(45.44412940055118, 9.182688295647894)
7579;Storica Attività;VIA GIOVANNI BRIOSI,0010;EREDI BOTTINI ANDREA DI ROBERTO BIANCHI S.N.C.;MACELLERIA EREDI BOTTINI ANDREA;1936;9.228981943980795;45.470726448606825;(45.470726448606825, 9.228981943980795)
7591;Storica Attività;VIA CARDINALE GIOVANNI CAGLIERO,7;BROVELLI GIULIANA ANTONIA;BOUTIQUE NELLA;1961;9.205110494122348;45.49480395135422;(45.49480395135422, 9.205110494122348)
7839;Storica Attività;VIA PIERO DELLA FRANCESCA,68;P.D.F. S.R.L.;RISTORANTE CHATULLE;1930;9.159569456798264;45.48654876354481;(45.48654876354481, 9.159569456798264)
7830;Storica Attività;VIALE MONTE NERO,0073;INVERNIZZI ORESTE S.A.S. DI INVERNIZZI VITTORIO E C.;INVERNIZZI;1923;9.207574961755567;45.461119537316826;(45.461119537316826, 9.207574961755567)
7834;Storica Attività;VIA URBANO III,4;VALIGERIA VETRA SAS DI MARCHINO ROBERTO & C.;VALIGERIA MARCHINO;1962;9.181790384693253;45.45902454610902;(45.45902454610902, 9.181790384693253)
7832;Storica Attività;VIA GAUDENZIO FERRARI,5;LEANZA SILVIA;SILVIA MERCERIA  FODERAMI;1924;9.175519002582682;45.45575014854526;(45.45575014854526, 9.175519002582682)
7850;Storica Attività;PIAZZA DERGANO,5;I GREGORI S.A.S. DI GREGORI ANDREA E C.;I GREGORI;1933;9.176602447306568;45.50310265601509;(45.50310265601509, 9.176602447306568)
7594;Storica Attività;VIA DIGIONE,0009;CARMINATI ANGELO;PANIFICIO CARMINATI PANE E DOLCI;1962;9.15485509986953;45.46049945167458;(45.46049945167458, 9.15485509986953)
7833;Storica Attività;PIAZZA ANTONIO GRAMSCI,0012;FRANCONE S.R.L.;CONCESSIONARIA FRANCONE;1956;9.168362510007654;45.4821708600019;(45.4821708600019, 9.168362510007654)
7723;Storica Attività;VIA DOGANA,2;CAMICERIA MILANESE DI DEANGELIS ROSSANA;Camiceria Milanese;1922;9.18959019936325;45.463273600705236;(45.463273600705236, 9.18959019936325)
7841;Storica Attività;VIALE SABOTINO,10;COLTELLERIE ITALIANE ZOPPIS SNC DI ELENA E ROBERTO ZOPPIS;COLTELLERIE ITALIANE ZOPPIS;1945;9.1989867152118;45.450934393397624;(45.450934393397624, 9.1989867152118)
7894;Locale storico;VIA TOMMASO MARINO,7;COZZOLI RICCARDO;Bar Marino;1932;9.190045865877337;45.46657388661685;(45.46657388661685, 9.190045865877337)
7975;Storica Attività;VIA PONTACCIO,12;ARNALDO CASTELLI DI CASTELLI CLEMENTINA;ARNALDO CASTELLI;1902;9.185507051362674;45.47249854660074;(45.47249854660074, 9.185507051362674)
7903;Storica Attività;VIA TIZIANO,0013;MARCON RENZO;Panificio Pasticceria Marcon Renzo;1933;9.157564642493579;45.47176680209784;(45.47176680209784, 9.157564642493579)
7838;Storica Attività;PIAZZALE LAGOSTA,10;BABY STELLA DI SABATINI CLAUDIA;BABY STELLA;1962;9.191853018041355;45.48943127534453;(45.48943127534453, 9.191853018041355)
7970;Storica Attività;PIAZZALE STAZIONE DI PORTA GENOVA,3;G. TURCI SAS DI PAOLA TURCI E C.;G.TURCI CALZATURE;1907;9.17033778200291;45.45364253751696;(45.45364253751696, 9.17033778200291)
7955;Storica Attività;VIA FRATELLI RUFFINI,9;TOFY TOYS DI CAVERA MOIRA;TOFY TOYS;1962;9.16936557040823;45.466945784159535;(45.466945784159535, 9.16936557040823)
7904;Storica Attività;PIAZZA PIETRO GOBETTI,8;DANELLI DANIELE;Panificio Danelli;1934;9.233276226399697;45.48550880849767;(45.48550880849767, 9.233276226399697)
7969;Storica Attività;CORSO ITALIA,1;OTTICA RIGA DI BORDIN MAURIZIO;OTTICA;1958;9.188214495487923;45.46028590318823;(45.46028590318823, 9.188214495487923)
7963;Storica Attività;PIAZZALE CANTORE,.;RISTORANTE AL PORTO S.R.L.;RISTORANTE AL PORTO;1967;8.917902460567472;45.39816751077309;(45.39816751077309, 8.917902460567472)
7909;Locale storico;VIA PASQUALE SOTTOCORNO,6;GIACOMO S.R.L.;Ristorante da Giacomo;1958;9.208564776186678;45.465539922214305;(45.465539922214305, 9.208564776186678)
7971;Storica Attività;VIA DELLE FORZE ARMATE,24;CINZIA ROSSI GIOIELLI;CINZIA ROSSI GIOIELLI;1961;9.13578579222317;45.463231352591755;(45.463231352591755, 9.13578579222317)
7840;Storica Attività;VIA SENATO,7;IL BARETTO AL BAGLIONI S.R.L.;IL BARETTO AL BAGLIONI;1964;9.198234617109724;45.46976839714496;(45.46976839714496, 9.198234617109724)
7599;Locale storico;VIA MARGHERA,10;"""LOM.COR. S.R.L.""";PASTICCERIA MORIONDO;1909;9.154500993098933;45.46759610273873;(45.46759610273873, 9.154500993098933)
7900;Storica Attività;VIA ALFONSO LAMARMORA,0031;POLENGHI ANGELO;Pasticceria Gelateria Polenghi;1937;9.20357801029316;45.45732053683049;(45.45732053683049, 9.20357801029316)
7968;Storica Attività;VIA MAURIZIO QUADRIO,0025;OTTICA FARINI DI GUASCHI PIETRO ANGELO;GUASCHI OTTICA;1955;9.18125209043743;45.48399096136343;(45.48399096136343, 9.18125209043743)
7836;Storica Attività;VIA VINCENZO MONTI,28;GIO' YDEA DI PASETTI DEA;GIOYDEA DI PASETTI DEA;1908;9.172627587499864;45.468291151129336;(45.468291151129336, 9.172627587499864)
7902;Storica Attività;VIA DELLA COMMENDA,0021;DI LIDDO PASQUALE;Panificio Di Liddo Pasquale;1958;9.19905287954317;45.45751699720587;(45.45751699720587, 9.19905287954317)
7976;Storica Attività;CORSO LODI,2;MAV ARREDA S.R.L.;MAV ARREDA;1934;9.203318649769226;45.45127960344553;(45.45127960344553, 9.203318649769226)
7214;Storica Attività;VIA LUIGI CANONICA,0081;DOLDI ALESSANDRO;Alessandro Doldi - Calzature;1960;9.170316751877495;45.48080579637102;(45.48080579637102, 9.170316751877495)
7993;Storica Attività;VIA DON CARLO GNOCCHI,3;GHISI ALESSANDRO;LA MACELLERIA;1967;9.123513338116137;45.47510166954927;(45.47510166954927, 9.123513338116137)
7991;Locale storico;VIA BORGOSPESSO,0012;S.T.R.A. S.R.L.;RISTORANTE BICE;1939;9.194343159570174;45.470312769931425;(45.470312769931425, 9.194343159570174)
7989;Storica Attività;VIA GIULIO CESARE PROCACCINI,0054;FOTO RADIO MARELLI DI LOVA MARELLI ROBERTO;FOTO RADIO MARELLI;1944;9.167629748201602;45.48169335257671;(45.48169335257671, 9.167629748201602)
